{
  "num_games": 100000,
  "timestamp": "2026-02-02T15:10:17.102954",
  "game_length": {
    "mean": 46.39063,
    "median": 37.0,
    "mode": 13,
    "std": 33.456835149235204,
    "min": 7,
    "max": 445,
    "percentiles": {
      "25": 23.0,
      "50": 37.0,
      "75": 60.0,
      "90": 90.0,
      "95": 113.0,
      "99": 166.0
    }
  },
  "first_player_advantage": {
    "first_player_wins": 50479,
    "first_player_win_rate": 50.479
  },
  "player_0_wins": 50066,
  "player_0_win_rate": 50.066
}