{
  "num_games": 100000,
  "timestamp": "2026-01-22T21:46:46.922736",
  "game_length": {
    "mean": 46.54062,
    "median": 37.0,
    "mode": 13,
    "std": 33.78423019717336,
    "min": 7,
    "max": 418,
    "percentiles": {
      "25": 23.0,
      "50": 37.0,
      "75": 60.0,
      "90": 90.0,
      "95": 113.0,
      "99": 167.00999999999476
    }
  },
  "first_player_advantage": {
    "first_player_wins": 51068,
    "first_player_win_rate": 51.068000000000005
  },
  "player_0_wins": 50622,
  "player_0_win_rate": 50.622
}